,Full URL
0,https://www.eversports.de/s/seemannsbraut-poledance-flensburg
1,https://www.eversports.de/s/tsg-blau-gold-ballett--und-pole-dance--studio
2,https://www.eversports.de/s/pole-stars-osnabr%C3%BCck
3,https://www.eversports.de/s/aerial-art-studio
4,https://www.eversports.de/s/k%C3%B6rpernah
5,https://www.eversports.de/s/dance-moves-wolfenb%C3%BCttel
6,https://www.eversports.de/s/mypole
7,https://www.eversports.de/s/tanzstudio-michel
8,https://www.eversports.de/s/pole-sensation
9,https://www.eversports.de/s/poledance-rostock
10,https://www.eversports.de/s/wildheart-yoga-%26-pole-dance
11,https://www.eversports.de/s/polestation-academy
12,https://www.eversports.de/s/indeed-unique---studio-wien
13,https://www.eversports.de/s/polefitness-by-sophie-m.
14,https://www.eversports.de/s/unique-studios-schweinfurt
15,https://www.eversports.de/s/poledance-4-you
16,https://www.eversports.de/s/luftbonbon
17,https://www.eversports.de/s/exquisuite
18,https://www.eversports.de/s/pole-emotion-bremerhaven
19,https://www.eversports.de/s/polegarage-hagen
20,https://www.eversports.de/s/pole-dance-beauties
21,https://www.eversports.de/s/freaky-pole-cats-schwandorf
22,https://www.eversports.de/s/glow-sports-club
23,https://www.eversports.de/s/aerial-circus
24,https://www.eversports.de/s/yoga-and-pole-art-by-selina
25,https://www.eversports.de/s/dance-department
26,https://www.eversports.de/s/pole-position-studio
27,https://www.eversports.de/s/the-supergirl-studio
28,https://www.eversports.de/s/pole-yourself
29,https://www.eversports.de/s/flow-academy
30,https://www.eversports.de/s/bellabina-kulturell%2C-ballettschule%2C-pole-sport%2C-tanzstudio%2C-musikunterricht
31,https://www.eversports.de/s/vertical-moves---pole-dance-%26-sports
32,https://www.eversports.de/s/dance-%26-pole-leverkusen
33,https://www.eversports.de/s/polemotions-t%C3%BCbingen
34,https://www.eversports.de/s/pole-dance-balance
35,https://www.eversports.de/s/cheesy-heaven
36,https://www.eversports.de/s/polefly-academy
37,https://www.eversports.de/s/vi-dance-essen
38,https://www.eversports.de/s/firstsports-polefitness
39,https://www.eversports.de/s/polerina%C2%B4s-poledance-%26-aerial-fitness
40,https://www.eversports.de/s/move-on!-dance-studio-%26-polemotions
41,https://www.eversports.de/s/divapole
42,https://www.eversports.de/s/studio-nienke
43,https://www.eversports.de/s/pole-dance-stuttgart
44,https://www.eversports.de/s/verticalarts-pole-%26-aerial-fitness
45,https://www.eversports.de/s/stretch-%26-pole
46,https://www.eversports.de/s/poledance-worms
47,https://www.eversports.de/s/pole-formance
48,https://www.eversports.de/s/vertical-kay-poledance-%26-aerialarts-studio
49,https://www.eversports.de/s/polemotions-g%C3%B6ppingen
50,https://www.eversports.de/s/home-of-pole
51,https://www.eversports.de/s/dance-%26-pole-deltawerk
52,https://www.eversports.de/s/pole-and-move-ludwigshafen
53,https://www.eversports.de/s/aerial-balance
54,https://www.eversports.de/s/body-meets-soul-leipzig
55,https://www.eversports.de/s/upsidedown-studio-bad-homburg
56,https://www.eversports.de/s/orbit-studio
57,https://www.eversports.de/s/poleathletix
58,https://www.eversports.de/s/drehmoment-pole.aerial.dance
59,https://www.eversports.de/s/center-of-moving-arts
60,https://www.eversports.de/s/pole-dance-hechingen
61,https://www.eversports.de/s/palazzo-sportivo
62,https://www.eversports.de/s/cologne-pole-fitness---pole-dance-k%C3%B6ln
63,https://www.eversports.de/s/poledance!-aerial-%26-fitness-schleswig
64,https://www.eversports.de/s/poledance-zwickau-e.-v.
65,https://www.eversports.de/s/polerinas-art-pole-%26aerial-fitness
66,https://www.eversports.de/s/pole-dance-studio-waiblingen
67,https://www.eversports.de/s/lea-aqua
68,https://www.eversports.de/s/polemotions-filderstadt
69,https://www.eversports.de/s/pole-flow-berlin
70,https://www.eversports.de/s/artletik-ug-laufen-und-meer
71,https://www.eversports.de/s/tanzteufel-emmendingen
72,https://www.eversports.de/s/just-fly
73,https://www.eversports.de/s/pole-%40-bremerhaven
74,https://www.eversports.de/s/schwerelos-bochum
75,https://www.eversports.de/s/nisa-verticals
76,https://www.eversports.de/s/tanzschule-step-up
77,https://www.eversports.de/s/pole-dance-academy-n%C3%BCrnberg
78,https://www.eversports.de/s/nordpole-studio
79,https://www.eversports.de/s/css-aerial-dance-studio
80,https://www.eversports.de/s/pole-and-move-ketsch
81,https://www.eversports.de/s/poledance!-aerial-%26-fitness-kiel
82,https://www.eversports.de/s/empire-pole
83,https://www.eversports.de/s/poleria
84,https://www.eversports.de/s/happy-pole-place
85,https://www.eversports.de/s/flow-fusion-pole-aerial-dance-studio
86,https://www.eversports.de/s/metropole-dance---now2
87,https://www.eversports.de/s/pole-faction-rhein-neckar
88,https://www.eversports.de/s/ramonas-tanzschmiede
89,https://www.eversports.de/s/polestructions
90,https://www.eversports.de/s/crazy-up-%26-pole
91,https://www.eversports.de/s/femella-studio
92,https://www.eversports.de/s/infinity-polesports-burgkirchen
93,https://www.eversports.de/s/polea---pole-and-aerial-dance
94,https://www.eversports.de/s/dance-in-the-city-remscheid
95,https://www.eversports.de/s/le-chat-noir-berlin
96,https://www.eversports.de/s/poleplace
97,https://www.eversports.de/s/pure-motion-kiel
98,https://www.eversports.de/s/pole-dance-academy-neuburg
99,https://www.eversports.de/s/wonderpole
100,https://www.eversports.de/s/pole-dance-power
101,https://www.eversports.de/s/tanzstudio-redlightdance-berlin
102,https://www.eversports.de/s/polegarage-iserloh
103,https://www.eversports.de/s/cindys-pole-dance
104,https://www.eversports.de/s/soul-flight
105,https://www.eversports.de/s/polestarz---the-art-of-pole%2C-dance-%26-fitness
106,https://www.eversports.de/s/dance-%26-pole-h%C3%BCckeswagen
107,https://www.eversports.de/s/schwerelos-m%C3%BCnster
108,https://www.eversports.de/s/secret-moves---athletic-dance-studio
109,https://www.eversports.de/s/pure-body-concepts
110,https://www.eversports.de/s/papillon-pole-dance-studio
111,https://www.eversports.de/s/poledance-area
112,https://www.eversports.de/s/pole-faction-darmstadt
113,https://www.eversports.de/s/polespirit
114,https://www.eversports.de/s/pole-and-move-mannheim
115,https://www.eversports.de/s/pole-arts-saarland-
116,https://www.eversports.de/s/soultide
117,https://www.eversports.de/s/poleroom
118,https://www.eversports.de/s/ironx-
119,https://www.eversports.de/s/loft1-basel-city
120,https://www.eversports.de/s/mstage-tanzart-bewegung
121,https://www.eversports.de/s/poleart_inspiration
122,https://www.eversports.de/s/la-familia-poleclub
123,https://www.eversports.de/s/mmc-dance-studio
124,https://www.eversports.de/s/upsidedown-studio-friedrichsdorf
125,https://www.eversports.de/s/spin-up
126,https://www.eversports.de/s/poledance-schule-berlin
127,https://www.eversports.de/s/luftfabrik-dresden
128,https://www.eversports.de/s/polemagique
129,https://www.eversports.de/s/pole-your-body
130,https://www.eversports.de/s/vertical-ballerina---poledance-studio-m%C3%BCnchen
131,https://www.eversports.de/s/pole-oase
132,https://www.eversports.de/s/aerialflow
133,https://www.eversports.de/s/activo-polefitness
134,https://www.eversports.de/s/zero-gravity-pole-
135,https://www.eversports.de/s/munich-poledance
136,https://www.eversports.de/s/stadtgazellen-bremen
137,https://www.eversports.de/s/annaconda-pole-%26-aerial-sports
138,https://www.eversports.de/s/studio-yh-pole-(and)-sports-berlin
139,https://www.eversports.de/s/sky-move-pole-sport
140,https://www.eversports.de/s/pole-and-move-heidelberg
141,https://www.eversports.de/s/incredipole---pole-%26-fitness-by-carolin
142,https://www.eversports.de/s/anni's-pole-dance-uetersen
143,https://www.eversports.de/s/pole-fit-britt
144,https://www.eversports.de/s/aerial-athletix-
145,https://www.eversports.de/s/lift-off---poledance-academy-frankfurt
146,https://www.eversports.de/s/metropole-dance---now1
147,https://www.eversports.de/s/t-tanzst%C3%BCck-wolfsburg
148,https://www.eversports.de/s/aerial-art-poledance-city-base
149,https://www.eversports.de/s/pole-dance-studio-n%C3%BCrnberg
150,https://www.eversports.de/s/aerial-art-poledance-country-base
151,https://www.eversports.de/s/polesports-studio-buchholz
152,https://www.eversports.de/s/polepoint-dance-studio
153,https://www.eversports.de/s/slow-motion
154,https://www.eversports.de/s/polesports-studio-l%C3%BCneburg
155,https://www.eversports.de/s/aerial-%26-vertikal-floor-of-art
156,https://www.eversports.de/s/unique-pole-art
157,https://www.eversports.de/s/polesition
158,https://www.eversports.de/s/la-belle
159,https://www.eversports.de/s/polestudio-neuss
160,https://www.eversports.de/s/anni's-pole-dance-neum%C3%BCnster
161,https://www.eversports.de/s/pole-dream
162,https://www.eversports.de/s/polearize
163,https://www.eversports.de/s/saltosandra
164,https://www.eversports.de/s/pole-fit-nes
165,https://www.eversports.de/s/pole-land
166,https://www.eversports.de/s/freaky-fitness
167,https://www.eversports.de/s/dalibravita
168,https://www.eversports.de/s/dancingstyle
169,https://www.eversports.de/s/move-with-ana
170,https://www.eversports.de/s/open-aerial-dance-wiesbaden
171,https://www.eversports.de/s/vertical-pole-aerial-dance-aschaffenburg
172,https://www.eversports.de/s/pole-for-soul
173,https://www.eversports.de/s/polewirbel
174,https://www.eversports.de/s/pole-heaven
175,https://www.eversports.de/s/les.pole
176,https://www.eversports.de/s/polefriends-magdeburg
177,https://www.eversports.de/s/unique-studios-w%C3%BCrzburg
178,https://www.eversports.de/s/vertical-pole-aerial-dance-w%C3%BCrzburg
179,https://www.eversports.de/s/polefitness-tituba-m%C3%B6nchengladbach!
180,https://www.eversports.de/s/lioness-lodge
181,https://www.eversports.de/s/rock'n'pole-regensburg
182,https://www.eversports.de/s/flexx-arts-memmingen
183,https://www.eversports.de/s/pole-dance-studio-passion-hannover
184,https://www.eversports.de/s/vanilla-sky-pole-atelier
185,https://www.eversports.de/s/verticalspirit-chemnitz-e.-v.
186,https://www.eversports.de/s/pole-fit-plauen
187,https://www.eversports.de/s/flyhigh
188,https://www.eversports.de/s/muse-pole-dance
189,https://www.eversports.de/s/poletastix-d%C3%BCsseldorf
190,https://www.eversports.de/s/pole-fun-wehr
191,https://www.eversports.de/s/lift-off---poledance-academy-viersen
192,https://www.eversports.de/s/health-and-shape
193,https://www.eversports.de/s/aerial-sportstudio
194,https://www.eversports.de/s/pura-studio
195,https://www.eversports.de/s/pole-dance-academy-hameln
196,https://www.eversports.de/s/polefriends
197,https://www.eversports.de/s/studio-aeris
198,https://www.eversports.de/s/bodysoul-studio-d%C3%BCsseldorf
199,https://www.eversports.de/s/studio-aria-arte
200,https://www.eversports.de/s/infinity-polesports-eggenfelden
201,https://www.eversports.de/s/the-pole-lounge
202,https://www.eversports.de/s/freaky-pole-cats-hengersberg
203,https://www.eversports.de/s/freaky-pole-cats-cham
204,https://www.eversports.de/s/vertical-kay-poledance-%26-aerialarts-education
205,https://www.eversports.de/s/pole-statement
206,https://www.eversports.de/s/studio-elodie-tanzbewegung
207,https://www.eversports.de/s/pole-%26-aerial-dance-g%C3%B6ttingen
208,https://www.eversports.de/s/tanzvisionen
209,https://www.eversports.de/s/pole2dance---vertical-fitness-and-dance-company
210,https://www.eversports.de/s/sweatndance-k%C3%B6ln
211,https://www.eversports.de/s/studio-mohnblume
212,https://www.eversports.de/s/tanzstudio-vi-dance-dortmund
213,https://www.eversports.de/s/pole-circus-a-%2B-k
214,https://www.eversports.de/s/pole.physio-eppelheim
215,https://www.eversports.de/s/sch%C3%B6nheitstanz-berlin
216,https://www.eversports.de/s/k%C3%B6rperformfabrik-gbr
217,https://www.eversports.de/s/exotic-academy
218,https://www.eversports.de/s/aerial-loft
219,https://www.eversports.de/s/moving-art-studios
220,https://www.eversports.de/s/del%C3%ADa-pole-dance
221,https://www.eversports.de/s/dance-%26-fitness-academy
222,https://www.eversports.de/s/pole-and-move-online-studio
223,https://www.eversports.de/s/pole-box
224,https://www.eversports.de/s/pole-plus
225,https://www.eversports.de/s/the-pole-jungle
226,https://www.eversports.de/s/balance-neumarkt
227,https://www.eversports.de/s/pole-dance-krefeld
228,https://www.eversports.de/s/satori-pole-dance-potsdam
229,https://www.eversports.de/s/vi-dance-hamm
230,https://www.eversports.de/s/pole-sisters
231,https://www.eversports.de/s/poledance-leipzig
232,https://www.eversports.de/s/pole-acrobatics-deggingen
233,https://www.eversports.de/s/crazysports-augsburg
234,https://www.eversports.de/s/poledance-m%C3%B6nchengladbach
235,https://www.eversports.de/s/pole-sport-coburg---akrobatik-%26-tanz-
236,https://www.eversports.de/s/janine-hollung
237,https://www.eversports.de/s/divas-dance-studio
238,https://www.eversports.de/s/poledancestar-leipzig
239,https://www.eversports.de/s/t-tanzst%C3%BCck-tanzstudio
240,https://www.eversports.de/s/das-tanz-center
241,https://www.eversports.de/s/polecreation
242,https://www.eversports.de/s/tanzschule-poledance-reutlingen
243,https://www.eversports.de/s/fl'air-studios-berlin
244,https://www.eversports.de/s/pole-dance-%26-fitness
245,https://www.eversports.de/s/stadtgazellen-osnabr%C3%BCck
246,https://www.eversports.de/s/polefamily-koblenz
247,https://www.eversports.de/s/tanzteufel-denzlingen
248,https://www.eversports.de/s/star-poledance
249,https://www.eversports.de/s/poda-studio
250,https://www.eversports.de/s/pole-loft
251,https://www.eversports.de/s/st-polestudio
252,https://www.eversports.de/s/pole-dance-studio-karlsruhe
253,https://www.eversports.de/s/dance-%26-fly-pole-studio
254,https://www.eversports.de/s/die-dance-academy-by-wipper
255,https://www.eversports.de/s/freaky-pole-cats-straubing
256,https://www.eversports.de/s/poleside
257,https://www.eversports.de/s/unique-studios
258,https://www.eversports.de/s/pole-passion-bielefeld
259,https://www.eversports.de/s/a-heart-for-poledance
260,https://www.eversports.de/s/aerial-amazons
261,https://www.eversports.de/s/pole-studio-koblenz
262,https://www.eversports.de/s/drehimpuls-aachen
263,https://www.eversports.de/s/pole-circus
264,https://www.eversports.de/s/poleworkx
265,https://www.eversports.de/s/360-grad-soulsports
266,https://www.eversports.de/s/poleaddict
267,https://www.eversports.de/s/polelove-bremen
268,https://www.eversports.de/s/b.fitness-pole%26body
269,https://www.eversports.de/s/polevybe
270,https://www.eversports.de/s/royal-pole
271,https://www.eversports.de/s/dance-%26-pole-solingen
272,https://www.eversports.de/s/lush-motion
273,https://www.eversports.de/s/welovepoledance
274,https://www.eversports.de/s/pole-dance-nrw
275,https://www.eversports.de/s/pole-werk-by-nelly
276,https://www.eversports.de/s/dancexotic
277,https://www.eversports.de/s/pole-room-%2F-poledance-%26-bodyworks
278,https://www.eversports.de/s/pole-dance-trier
279,https://www.eversports.de/s/open-aerial-dance
280,https://www.eversports.de/s/studio-fitnessdarling
281,https://www.eversports.de/s/pole-shape-studio
282,https://www.eversports.de/s/pole-%26-tanzwelt
283,https://www.eversports.de/s/aircrobatic-studios-m%C3%BCnchen
284,https://www.eversports.de/s/dunya-pole-dance-school
285,https://www.eversports.de/s/da-becca-flow-and-fit
286,https://www.eversports.de/s/polesports-studio-bremen
287,https://www.eversports.de/s/crazypole%C2%AE
288,https://www.eversports.de/s/pole-paradise
289,https://www.eversports.de/s/poledance!-aerial-%26-fitness-flensburg-wees
290,https://www.eversports.de/s/polemotion-freiburg
291,https://www.eversports.de/s/passionate-pole-%26-sports
292,https://www.eversports.de/s/dance-%26-pole-langenfeld
293,https://www.eversports.de/s/da-becca-flow-and-fit
294,https://www.eversports.de/s/the-basement-pole-dance-and-movement
295,https://www.eversports.de/s/crazypole-dresden
296,https://www.eversports.de/s/poledreams
297,https://www.eversports.de/s/vi-dance-m%C3%BCnster
298,https://www.eversports.de/s/polemotions
299,https://www.eversports.de/s/pole-dance-mettingen
300,https://www.eversports.de/s/feel-good-factory%3A-pole-%E2%80%A2-stretch-%E2%80%A2-fly
301,https://www.eversports.de/s/schwerelos
302,https://www.eversports.de/s/le-serpent-rouge
303,https://www.eversports.de/s/aerial-studio
304,https://www.eversports.de/s/airobics---pole-%26-aerial-dance-hamburg
305,https://www.eversports.de/s/polefitness-premium
306,https://www.eversports.de/s/monopole-dance
307,https://www.eversports.de/s/polefitness-leipzig
308,https://www.eversports.de/s/souldance
309,https://www.eversports.de/s/pole-heroes-pole-%26aerial-dance-studio
310,https://www.eversports.de/s/one8dance-studio
